userName,firstName,surName,password
niall69,Simone,Bernard,_AO!Jiid$^$8svm
kaitlyn47,Dionne,Dunleavy,2R5MPUhjS(0B%PQ
keohanyasmine,Cal,McDyer,)D9iUtoyy_K2HJo
shannencosgrove,Elise,Holland,)3JK&qY1PyevA@y
galloglysimon,Lana,Broderick,KpRRl$(a!T4@_ze
odowdalastair,Carla,MacNeela,o(15MitISWzdZwp
mccrossanmax,Jasmin,Cooney,)a%(Sx1re4nWNDI
omahoneycal,Luke,Davern,$28lB86X7hRQqsV
qskivington,Ben,Guiry,M$o$%U#h3S1TyAj
wwilliams,Liam,Martin,)7iXjFm$B5KzIV1
judithholden,Annalise,Kangley,vs(JcTacZL8io%9
rosemary25,Caomhan,Nicholls,K9FRDYhcIVW_qWR
kitsonglenn,Fionntan,O'Hehir,RR9rMzjDP!44K7M
alexandermccoll,Eva,Donnell,!Yx4$lVh$@+1ZEZ
lauren02,Carmel,Gillick,N*5Tw5gA#6XPmpW
robin46,Kirstin,McGrory,Rkt@o4wYCBH&Wtk
bhyman,Faith,Kenlon,!o0u$td1(QwSQzA
fieldingcodie,Evie,Hely,pAK1UrdJvQ&DBcB
emmett38,Zach,Dalton,&awtyPdg)8L2vlp
vealeliam,Grace,Morley,&p9cu0ir*T^SzAj
jculligan,Kirsty,Deegadan,A@+)Bxcwg45hhO^
emmamcglynn,Fainche,Kenneally,90S1Yrg)%*k0mF)
vgeherty,Claudia,Finnucane,0!gJnieM)NxfjMe
molly75,Stephanie,Morgan,mQ04LwHcFm&kV(3
tracey57,Jack,Meara,qagAe7yOlT1&53V
abbiestephens,Ursula,Landa,@4)E1Ij6jd4uZlw
pearse15,Harvey,Derrig,_2Pb3x%to_V1V%1
zphilbin,Deane,Fitzgibbon,O(Idm7Jvkrn(OjC
ohaganmadison,Nicola,Hastey,0paEc2yW@oWE0Ih
morriscolum,Nigel,Mahon,5#5eDmTy_N_kDES
lhallanan,Sinead,Tansey,ko1Hq4yUyJ$v((A
franklingeraldine,Rose,Wade,WQQP5Ab9g&P#UpQ
cbruen,Cameron,Foran,Y@8zQt@V(DRFT2+
mccoolcharlie,Carolyn,Harkin,(kn8jE@kK5aqpix
corriedoogan,Alastair,Lynch,+l688#vojS6PdYu
carriemiller,Hayden,Devenney,d5pUORiG)J54W_0
sextonanne-marie,Rhianna,McTigue,k5b*xc@z#&A^FoW
jayne59,Calum,Atchison,5obpilk1$Oaxq2W
marajoel,Jody,Nicholls,h^8PDYw9U$XE84P
ygeany,Pierce,Griffith,aDdEVGQ2_b4%s$&
mcdunphycolm,Dionne,Deegadan,x%8lPAep*z5(nPl
nadinedeacon,Andrew,Rinn,56tX(2&w#genitY
qmccorry,Leo,Regan,H^4BOTCs6V#aN!M
morleysian,Emma-Louise,Beggs,M0(fSG17gZHau^V
caoimhecanny,Lyndsey,Liddane,(YT8tcmil$H#&Or
leonacurrie,Ella,Rahilly,^o9nGdwGvpU0MUs
jessicacolgan,Tory,McConaghy,1r%W)OfO%_0jRK)
aliciaturley,Caomhan,Hillery,gF!DWy^b%k$44PQ
joshuabaker,Orlagh,Stuart,X0^$*@*z#7qEl_w
xsynnott,Caomhan,Seery,bA0^mNdx$t2JvIg
zclooney,Grainne,Largey,A&SDdVun&0ZUn9n
mcgranekara,Kelvin,Gallogly,(l$!0g6jxqN3JOc
lkilkenny,Constance,Guinness,KN2j0dqV3wY_giO
alixwalsh,Ashley,Ginty,ugaQM#IvrR!qF0G
lloughran,Yasmine,Igoe,)47omFahXU%QFbI
conneelymalcolm,Eamon,Flanagan,#5oC!pf&@lXEnx6
luciaflanagan,Micheal,Haran,znkk&FLj@3Z$xo7
horahilly,Jamie,Vaughan,#nglKbjg!$2%QgA
uhore,Sara,Deacy,a_3s_b#a@$ZgBkq
eoin20,Morgan,Brick,$lSal8CR89%iKOT
seanan54,Yasmin,Kerley,fCsZWxYH#91YUyK
kieransashleigh,Clarissa,McKeegan,28Auv1()@rJBpiL
horgantiernan,Eugene,Daiken,d8i0r7aTxf&eWAo
mhillen,Kelly-Marie,Mann,ro2aYpt5#5BEZ$Z
orlaghcody,Michael,Mountain,#d8C#J(FJl+gzzj
jolene50,Emilie,Bruton,*B3dcip*B6AMJBq
cherithnoonan,Stewart,Lindsay,uxx*y@8zsm@*w8A
abbienash,Freya,Shortt,J_BZz4H6@c03Kmd
hutchinsonalbert,Curtis,Shaughnessy,4oJRXWLy@3ZGyGe
hcalvey,Rebecca,Hanncard,9N1Z%08eH5_A%+G
amacrea,Cailum,Liston,a89Qna^h!cSTcwb
goldingconrad,Cara,Kearney,COR0B4ur!V6q&)P
vbaxter,Therese,Mallon,q_po0Wev$6bT5Wo
kelvinlardner,Gillian,Briody,6%AaLn0l@K0LlXu
cahalboyle,Nicholas,Reardon,oO@U0rWr%lQ6kHc
haweadrian,Cassie,Bourke,7A2v#w91$$8hOxk
bmcdowell,Lana,MacAloon,(4@x24FrNrDE1Ss
xcolley,Hollie,Courcey,(ii9LKVSkjS1Y3s
phoebe33,Joseph,Ervin,!$5w!vXweD$z7B@
haley28,Meabh,Perkins,aEV@D7%eQ6&&tV4
kristindoorty,Nadine,McNeely,^1Um2f_$3RfeDCt
ryan90,Deirbhile,Parsons,6V9)xnUTz^NCVPm
suzanne66,April,Hardiman,z%7JAZjeoXB_BCH
marcus94,Callan,Hyman,1EK+GTDhebdeeie
kkinney,Gregory,MacKevitt,x*Nv8QBxObnHX(!
ymcevoy,Helena,Atchison,h76*mXcQYZPJuq%
ogrowneydavid,Louis,Heney,r75$!+Xki$SgCQ2
zgeraghty,Rosemary,Henery,uD9F#2Raai2jg07
xhalpin,Gavin,McKnight,A2TQsbGW!gUd4*+
areynoldson,Thomas,Flinn,+no5K6Fr55_Uxu%
keri85,Luke,Reidy,KKVsHjqCKh^2(hC
che16,Rachael,Nealon,TEb@XWx)+6TdGlx
kyle53,Meg,McConnon,ttdRJf#cv1Y*9f!
susannah07,Antoinette,Wilkins,)GI1YqE)Q^ezgE0
uhourigan,Julie,Ferry,K!yp#g!xf26jfmM
ciaranganly,Aine,Longan,^3z88#dzq#HIxC1
constanceobeirn,Tori,Coyle,7u(SBB)j@dj7T5^
siobhan97,Fearghal,Grattan,UTSZid*H^8tMWaz
cummiskypearse,Keeva,Dunworth,&a3RttaDBypnfb6
mmcdade,Eadaoin,O'Brien,fhy62oB_U0#3T(V
arronfreely,Nuala,McTigue,@U7gNaTn_QTJ%e6
barrypoland,Katie,Foyle,^!^K%h6ygO6(wBS
iankeller,Kaitlyn,Costelloe,Z8UxT$m2+#BIbNp
john90,Kristian,McGruddy,)Z9WYSeJto&r$*x
qallis,Cailin,Duggan,Y!A^4jN27#@@gey
zoehilary,Saul,Kilduff,*jjqwb200VGI8zq
pmacfadden,Amy-Leigh,MacBride,Vt2%yCl@B*nJ3d+
qwrynn,Breandan,Gearty,#x9Qovb1b0P9FD6
xdoody,Conall,Nealon,&h(TN5gF+qm5*Tu
sharondonnell,Taylor,Kenlan,g1p*L@w0FOEu0V^
bbranaola,Keely,Kennellan,wr2YQqi0$C)y3_^
cookeantoin,Jacob,Fehilly,g&yYTS%SSE!6YBy
tfreeley,Barry,Dease,M8xZHHCe))&2ZHo
alexandria45,Nichole,Murrihy,6qtTUO)qB#1sRQA
tormeytimothy,Jarlath,Bennet,f)@QFyk_)0MzcLB
milletcalvin,Jack,Mulvany,RA2U(7uV)9Hq)XC
vrose,Bailey,Farell,S%kd2z6Nri+pHWe
brianfeeny,Lucinda,Meldon,rQ5laE$%^_g^4ek
evelyn96,Shanice,Cronly,03LZdQvG*UBRZGP
odonnellnadia,Esther,Achison,xRYBs*+u)o2kW0Y
mdarcy,Morgan,Kieran,!vL38LBF8V3owVm
fionabennet,Aideen,Kierane,117ixEU8)M7V4Yz
njameson,Seanna,Treacy,@rI2tKtDeluA(UM
grainnehunt,Kaitlin,Byrne,&0)_4TCp&QmPm0d
karadrohan,Selina,Quillinan,jd_u81sX$HYh91X
maevecarry,Joseph,Corr,yVY_9K6_^Ez7wVn
kildearichard,Nicola,Field,u&2yklm+Zw&9RLx
courteney63,Geoffrey,O'Sheil,zhL1M&M5L&Nf15b
nadinemarley,Clark,McCullough,^s+6W$afe6u!B6X
elliotelise,Damian,O'Grady,O_Ifho9V9G2E8rv
gavicanlesley,Jana,Connachton,EW_Hf294Ip13O_S
guinnanerachael,Kelly,Gillic,ek!LebEa*)z9620
kneafseyholly,Gerald,Mullooney,@%8A0Bit*nwL$1y
cory06,Samantha,Skelly,&#9XZxHFh*f6%Eq
lharmon,Esther,McManus,Ghz_+pL&+*0Efc6
bmcalister,Logan,Frawley,)qRGw@cr5x2VD)J
ude-lacy,Daire,Stack,I7w%5Tvdf)YgKxA
lenehanzach,Aiden,Wrenn,y!6rHgHIrZkKoxD
josh40,Philip,Randles,T$N4@wrDv8*CPFy
kellyhasty,Dairine,Clare,5X2gMC1q)nIk9Zj
cathal67,Dominic,Hardiman,AF6Y#9tbZs*P_qC
bronachgleeson,Eden,McQuin,ug$jOWoa^Z3&Dp8
aoifekilbride,Susan,Supple,v8ugRZPm@$m_B9d
brassilpatrice,Janet,Ginevan,!@IJhUQA07H&HGf
cormac80,Phillip,Rhattigan,zw6+UvS_5ANYfnL
kealancurley,Chris,Roarty,z)29gjGITJ_UUGi
gahearn,Joshua,Mulqueeny,^MM0LjikiQl_rPU
kanebreen,Aoibheann,Cregan,fJX94+Yy!5S$+7Y
kellie43,Noel,Nalty,$f8NQYTWT#b6%3c
devillydemi-leigh,Roseanna,Richie,v4&^FpJtc8!RG0)
ncaplis,Roise,Dooley,^zu*KnO7vki&8Gz
susan57,Haley,Caddow,A^w9J@DBH_K!@(d
snary,Ruth,McGalligly,+!0IN0BgwWGzN!q
connerygina,Leanne,McLoon,(wL8kpjx97@1gEQ
otoghershelley,Victoria,McMacken,2ng$QirRc%t2HL2
hgaravan,Siobhan,Slowey,YIlLk4Zrng0!(YZ
coonanjonathan,Lynda,MacGilligan,&1IvsWz1RIeHC$h
econnors,Jamie-Leigh,Blanch,j)E4XO3rOR+mwEy
cribbonspeadar,Rhys,Matthews,A++6FfaOm+H%7&%
curnanekatherine,Donal,O'Reardon,_8QjcZcAHYI#WU4
curtiscourtenay,Bailey,McCurtin,l*d6v7ZewuDrlBD
lindsay01,Dermot,Moffit,E0SkwVEp()FrgMp
houghgrant,Max,Jackman,+5L6XJUx8zo(A%c
hymancharles,Joe,Leddon,b&3q4!Ee*_S1_4l
benjamin68,Padraic,Foyle,&KqjbYGL5^yP^9n
odriscolljennifer,Mitchel,Cronly,5QFY#!pb(lUZ!q5
mmcgrory,Jodie,Charles,)SuqzYmXC6JECXg
conanwalshe,Cliona,Diskin,w+3ItmXg3Wvlh*3
qmurnin,Orfhlaith,Laffey,!6RS%D6jf2geo5P
dlonergan,Kevin,Fennelly,#t7GXhc$$+NknRc
loughryjosh,Amber,O'Gara,sL(_ED)LWN5rv(p
neenanterri,Jenna,Reynell,Qb464F4OE$xE$Ba
jcowley,Carol,Lord,_zR8eT*O(_hlG1l
alex52,Oonagh,Wright,CA&#uYq(+678DEW
mcpartlonkaitlyn,Peadar,Hynes,&0cn3AYbYUQqqd^
fdaniel,Deaglan,Curtis,ke0+QMNhxd$U0Y9
eamonnhearty,Jarlath,Moan,(R5)jf(GLf0Lqo1
graeme51,Cal,Deely,$_f#SD1bFYo0jGr
xbirmingham,Keely,Frances,VYKLrFMy$4uKyfK
peadarreddy,Gareth,Boreland,Bmb740Ja*Rnc9kW
cathy36,Michael,McGerr,*gjaZDCqv1ZaCLT
omullanjulia,Lloyd,Nalty,)w8DMtqzH2$gHRe
kerigallagher,Roberta,MacDyer,*poX@t*gRV(9Em3
jody03,Alastair,Hernon,&($5YAbWGA^$^GB
xmcauley,Maeve,Scannell,%*5TR2UmU0u1dmP
monksconan,Dayna,Dinneen,*DR1Trq2i4Ll+^7
jill80,Orfhlaith,MacKevitt,S!eIfExaC*vh5H_
zmcareavey,Ruairi,Loughry,F+y51Asw63l&rHw
shannaclery,Dara,Loghan,cI2hZjgmU#QR0ma
cormac22,Henry,Beakey,9KEWl6(mF$pPRxA
mmckinney,Katrina,McNee,DlF^U^!e#A828Kx
berminghamrowan,Karla,Carolan,iOnnn(^c#35csL7
donalrohan,Adrian,Colleran,)Y!SMpBE4WR*!Kq
mdelaney,Kristin,Cadogan,OlB8v!fQ2_T5F0q
ebonyhernon,Una,McHugh,5d+KF2B#HA%vMvY
domhnallnelis,Alicia,Bree,J888lPVnN@bFKut
macallenrhianne,Katie,Carleton,4YFbd1hN#9S5HQU
ogaracliona,Conan,McNicholas,B++p7tlax1#Fc9Z
hmclaverty,Helena,McVicker,^a)5^cv#m@TXQXT
wdrennan,Lesley,Coen,^Yd7uqztj#O7M9m
justinmullery,Darragh,Lucitt,GFKVhyP4L@_cQ0M
skevane,Micheal,Sheerin,_r^Aw#fkj8++jWD
zmcmenamin,Mary,O'Brien,)LEJpB8uLi5hh0t
constancedonnan,Darrell,Cotter,hTJQVaOG+8fH&Hr
pmeagher,Ashton,Baker,^buQXMR)&z9!d(L
xsheilds,Joshua,Dunning,^@#Z8Ems72p9pXa
ikenneally,Gerard,Rudden,W)#qmQ*ygls59A^
ebony19,Jayde,Ruddy,uW$89_wBzrJY%!P
conradmelia,Rebekah,Fagan,)RQ($zW(%T8Yhgz
patricia55,Joanna,Jackson,R5LOk_P7_1ZrDPa
gilescoyne,Alan,Cunningham,Jt(Btkj^QL7jNFd
nmcgivern,Roberta,Weever,k(ev7AsRl*BsQPI
jgilroy,Charles,McGarvey,)%OQy&lx)yk3XIo
amccahill,Jody,Kerwick,!BHN9^i*X(3M1xf
courteneytolan,Pearse,Winters,Hm1J+%sSXAG@f+H
vjones,Hayden,Garrahy,a6v2B)E4M)y6xu_
ngarety,Tobias,Price,*e&))0Nmk(kdzbn
imcelnea,Dillon,Melady,#VzPNYXzhrw6m2d
pkeapock,Julie,McCafferky,&+W#Qy!EwP#3FeO
dmckeown,Eleanor,Hourigan,%5czEP8cd439nZZ
mccafferkytonicha,Arran,Duffin,gSP+DCx^!!!1NVK
wkinnegan,Selina,O'Friel,4ST8RX0p+fJyDQb
evelynmcgillicuddy,Mark,Bennet,66WQuD6KmhF_9ei
mcleeseshelley,Cara,Keaveney,B+BQy^2v0XE^^3E
kehoesian,Anthony,Carry,(AyFQ0mk#sUIgzI
gillespiephilip,Chantelle,Skeffington,#0Pqlx^8#$ICBqL
katesmyth,Raymond,MacConnaghy,_5_mbLwzjIz#+YD
mcalisterleona,Gregory,Lenaghan,nkbvE%ijBs73EC#
grahamscora,Kerrie,Thompson,@o2YhJdk29R+esN
feganmairead,Bronach,McKeever,H3GeY_v&_9(3hXY
hcadogan,Dean,McEntaggart,)Od#TdUBlNZ9R*5
jmcconaghy,Shanna,Kirwan,X4UOSqCg+DkCkhC
conalmcandrew,Joy,Waldron,U)MYh7By&@6$1pJ
qmurnin,Harriet,Taylor,eB8)(BWi@8t1wP#
huntjane,Caleb,Ervine,s%FOy(twPY^#1PH
sarsfieldcaoimhe,Marie-Claire,Moffatt,!Rr%TgztKg1p%6A
travis58,Codie,O'Shea,!*l1sMXXsb8pySq
mcclellandjustin,Saoirse,Norton,TT2+YiDt(j$3k_B
curleytherese,Demi-Leigh,Lordan,pv6SRx^#br^x&@o
morrinconan,Charlene,O'Reilly,Y!3IS4bxyG3#2dh
caitlin96,Arianne,Gavaghan,H664Ya_a(C9%dn#
eganryan,Harvey,MacVeagh,)XdJ2hNv$3L49YG
wayne29,Lucia,Guilfoyle,w@2mDKabJqX_NGI
jamie12,Bryan,Ginty,&r39cj_WEriVv^a
richieeamonn,Lisa,Shields,Gz60AqwZG^kzdP*
pdesmond,Catriona,Mullan,*^Kj7Odgb@SDy5&
rachael62,Shelley,Dunning,%Zr4&lOHgfD8Rt_
hastiemicheal,Marc,Synnott,fq%WtSmfkW!S3^C
kelvinstapleton,Naomh,Givern,nHxU$HjT$^4##wc
susannahlincoln,Shanna,O'Looney,1g*EV8x7dGW8vXE
caitriona43,Lewis,Mac Breen,v6(myULT%1+C$6e
brittany32,Jared,Malone,+(kzXNd(dRp9EVA
jmcqueen,Declan,Cranly,!cZEivM@#7_*@bP
stewartmccrea,Ross,Hargadon,)qHQ9k#(I6OV7%0
redicantory,Albert,Ahearne,&64fP%ao5Z6IG!h
usmall,Max,Simmons,teOGpsOdc&4Z%RF
conchurkernan,Oran,MacDyer,S7$*QD5M_zXeq8a
mgunn,Arianne,Murray,5!ecfl$yD023QE8
mhanna,Robin,Kinaghan,G+(Tix6d(532WQ8
mylescurnane,Yasmine,Gloster,Jw$vQxGt$sZ17wO
charlotte31,Deane,Corduff,JWB@mPmUt@9bT0n
stewartscollan,Callan,Heffron,Z4_iN5oSNO^8wY6
faddenjake,Simon,Weir,Q5A#4RHdHIF(mN&
isaackilleen,Lynda,O'Farrell,A**l)kvx1ym4DN_
shauneenoflynn,Susannah,Dennehy,D1KedvXz^%7bA_!
evan02,Evelyn,Hedderman,BBaH0iSf*G8OERX
caitlynodowd,Clodagh,Carragher,3S+)aHIe$5B30eJ
georgiamckeever,Malachy,Kealy,RcHP#_)u)qF8NKl
kelly-annemacginnitty,Grainne,Piggott,89!e0CS6YWI&PR0
edrohan,Naoimh,Taylor,%e31ZB)2!7Zax#T
constancedanaher,Abigail,Dillane,l&Qatu+vmNY1U37
elizabethheraty,Tanya,Phillips,)*ajM0KuMj9(j#!
regan08,Caoimhin,Barry,5uH%1U53s^&nZAW
maryfarell,Nadine,O'Connor,a!3fHPBIPla+RgK
evankeller,Chantel,Howard,a+FCUPpTeT1RxMF
cathy97,Kevin,Gorham,TSSdkF&d!5B*Dxr
reganlacy,Patrick,Curley,9_PJkOSyN386f!Z
clarkharrihy,Taylor,Branaola,*uPLcbEycK7L7Pf
zdowd,Glen,Hardy,T2FiB^1M@55z#C&
julie95,Joshua,Kinlen,2c!q^MZj+LE7Lnk
cuddihyshauneen,Robyn,O'Hanlon,)2MOJwcsDOrzBbX
jlydon,Scott,Kingston,1v2)(dt(#(kd67M
wharen,Edel,O'Togher,^+4AKNeOdwi5Q8f
eden14,Fintan,McKinley,k!8&#2Pan65!)%q
zoenorris,Sophie-Louise,Loughran,UAU^h0ud+LCBfKe
myles81,Aisling,Davitt,)+KDu2DaHZM9ZpH
orlaithdeady,Pearce,O'Farrelly,yW6govfzX@S+NCK
harvey38,Lana,Frawley,D1CBiqHB%&sIO)I
karlalucid,Andrew,Kidney,K2WH4Vgd3+9fH_H
kmulvany,George,McCurdy,(OX^KiVt8mF$n*c
udrohan,Ciara,Rice,!jj5shNs9^VKYDa
tguinness,Sophie,Adams,j_NzEgPg&Ys8N+U
omahoneyaodhan,Tamara,Bones,%Z8CeU0IT49T#$2
shane50,Leigh,Conneeley,W#41Ad5vGn0aHth
simone65,Elisha,McCusker,(*+cf^wFol4KWrQ
mairtincafferty,Martin,Brislane,O(_7G9GxEH25gRI
colinskeffington,Shauneen,McNicholl,FCLY6Pc!yevKi!a
tamara24,Calum,Gargan,nlLbAK+Zc_(3Bki
vmontgomery,Katharine,Halloran,^2J0&dwLJXahQ_5
jessica01,Codie,Devoy,ZR5m9A3I)(uJU)e
reece30,Ashley,Courtenay,1%41y$C*V7NpWJq
madison14,Leon,Hollywood,2LY7te9B#uVWaxr
nina83,Tiarnan,Skehan,bx5oEAke^27Wuj_
roachedeclan,Connor,Holohan,A0us45TsQA*oVjD
demi-lee26,Kristin,Boyce,OI9+UrRhShqm6BW
gerald61,Nichole,McReady,jfH8JCRTj%1Fkiq
aislinnodowd,Ashlene,Marron,2OPiWQKfsNP+H3M
kimberly83,Maureen,Conree,i$IoqKK5!%1oVas
flynskey,Dionne,Conroy,FFE$B1jx9(+6&rT
akilbride,Kirsty,Rabbitte,V+80SmagxY0a)qf
pobyrne,Joseph,Hever,xPQ!ZQaelBW4Rme
mcanallyglen,Elliot,Haren,e$V99Y*ft_#vW7U
colinjoyce,Julia,Ledwich,X$pZkvuxhY5sN9Q
naoisedwyer,Saoirse,Dawson,f$S9!z4)nuE)KYU
shaniceford,George,Conaty,+g1uOh!BQVG#6+z
deanduhig,Laurie,Reddy,e3@+85jjFZA4Yl#
pgrahams,Conrad,Masterson,wj6RnYw4*2GW2ja
rclooney,Sinead,O'Mahony,l3S7YWVac_q3Kx+
eoin25,Courteney,Lundon,)8CrcrX)lc_%Z8V
jemma85,Jody,McAtee,^8y4jvn4IgYMqAA
marrinanelaine,Kate,Blake,s@FUtL)1urP28xF
anniecapua,Clara,McBreen,_^7@rPvhbbzI3zo
brophyholly,Marco,O'Mooney,gZd9FPS^@)X$Srl
desmondhannigan,Polly,McDaid,#(*uEIoiTdo*82l
colleen53,Kate,Crolly,+wZ5NLsdP&aFk@b
kristin01,Lauren,Biesty,*&KCS6+DcD4e&Hg
obeirnepauric,Toni,Coyne,PQb9hIf^E9%!Ml3
hmeara,Sarah,McDowell,Nc9I3Jlj_jpH@vB
kennethdalton,Francis,Mackey,r(!sC32yfQGs@5B
bdillane,Shannan,McElnea,W!P(lUzIeX1&2Kr
wnoonan,Manus,Tormey,+9@IH^GoYw)9XUX
gordon28,Judith,Kilcoyne,0t0(f%0IhoqDuW_
courteney91,Sacha,Rowan,)k6!lgnJLvFJQaO
frazer26,Lucas,Morley,m^RAqV!je*3Qvg7
michael62,Regan,Corrigan,24_lU5(f0$8r_d6
gfitzmaurice,Faye,Farry,w!i5Cjiir4!oYkh
umorley,Shania,McQuin,dhL)4Qm@SnN6t%b
martina59,Jared,Donaldson,$%*6&f)eHM^(wVF
scottdurnan,Bronach,Nunne,OPTTnj$4^td2Qtn
ruarikevane,Leigh,Ervin,(&gj3CfcxmI4yvp
evoyrebekah,Gabriel,Kierane,49CXulIb_giW+Ue
hannahmorrin,Cody,Hutton,Q&4x@yzzG^iJ28G
ciarafarrelly,Lyndon,Slowey,U)Xym*Z3(3E7IsX
heckettmartin,Mia,Bann,zK&8!gnB8$$nOki
keri29,Aedan,Clooney,&fWEmV8v%9_GUKI
obeirneeadaoin,Maria,Dickie,23UQzJ$J*^72fKa
kristiannary,Lloyd,Coogan,!4fQsE6*Nv6Wsih
jasmine98,Nicholas,Cafferty,$q8vmFTs_2WUcMS
logan54,Harry,Cunningham,%dni%kYt%o1h#4%
lorcanmulrain,Jay,Allis,s62Xm*S3*MCUHNr
lee99,Euan,Keegan,5K20zT%z@k+*%^H
aidanmcatee,Rachel,Morahan,OI_tmhLkO8VvMAD
mckevittcarrie,Nichole,Moan,YQ00R^vtu4)F0s2
oranmcinerney,Tiffany,Craig,1ozAg$%^J(1jm3%
natashahaugh,Louise,Cranley,#0WO(Tan99y&9P*
oisinfitzmaurice,Paige,Sammon,&8WNXFTSYY2W6vq
ronan10,Naomh,Hannigan,1bBV$PvW*gBopfm
petermagill,Pearce,Hayes,JPw5pQqzV%%egGK
donalmontgomery,Orlaith,McNee,^bee^(_Tr0pR3)D
zakmaginn,Marco,Ervin,s!RjN6J#x16!4sZ
mccreanathan,Charlotte,Harrington,!7oynl1P16KuKo$
billie-jo96,Tammy,Cronin,07Y8c)cf$KRk2_G
jasmin06,Colin,Hanafin,wnq0onri$zn+@JE
hhennebry,Lucinda,Cohen,%c6$+g9B+@0E@&P
blaine73,Fintan,O'Rafferty,!%cpkK$K+i4qE1$
malcolm07,Ewan,McKillop,IbtdYN3x2T$4Xat
mcgarveysaoirse,Dearbhaile,Reddy,&XP&fWkaS83DVgn
edel25,Yasmine,Flanagan,krORr5w1FmB*11J
tcully,Jordan,Dinan,x!p2IRQr@m4wu&J
stacey51,Brogan,Keenahan,#950l0YfN5_gMAG
dowerruth,Molly,Groarke,nip6RgbovB%Seeu
tbarrnette,Kurtis,Stoices,@00VAaQ^Rbc4SHI
ocarolanlucinda,Clark,Conneely,pb@eteMErJKE4%o
travisconroy,Scott,Moynihan,EObJ1eZO@G3D(J&
lucy50,Shauneen,Dickson,_#Pbt)@L#w3F0C@
chelseyrichey,Caragh,Poland,QIM7jBdyr*U+aO@
kurt82,Darryl,McInnes,_)KKf0TjiGYx0TX
farrentimothy,Leonie,O'Shea,(g1R#AKnYQBzuFl
vincent98,Constance,Reynell,pnZwx_cc*2)Dq60
anne-mariemacnaboola,Jenna,Burton,_wlrf)V4j#d2WZn
qcorrigan,Keely,Heskin,(h&QBQcdb@I4S2Z
wmonk,Dionne,Broy,zz*0I+aft_T(jg#
guerinnaomi,Brogan,Moy,$g99yceV70$qOSZ
vgorevan,Fearghal,McKinley,xH1D_xke_Y)k_eQ
broderickhayleigh,Kelly-Anne,Mulvihill,^!3ErC3uhj2ItJC
dwilson,Carla,O'Growney,+b7HO%gzaG&6*Gd
dicksonmacauley,Jordan,Gallaher,4!0plrskqctAhOM
conneeleyjoy,Gerard,Wilson,m2PXB#MHDhZ%r25
lorcan91,Susanna,Hinney,$V3h&aF^LTgKKuL
shelleykilmore,Kerry,McVitty,Q&nMVdS^!#a68Nu
bryanmilroy,Darragh,Doudigan,#e9G@4WluN^49eR
pattonvanessa,Antoin,Keally,cE(qkxGSD@3iGmL
darrylcumiskey,Elaine,Cronin,CmA@cRRw&rKt8Tu
martina23,Henry,Thompson,#F(6ek0Wexj+D$8
rory02,Tammy,Gorevan,wlMWLp!81^6Ceb%
briandevereux,Rohan,Bridson,mYHB8fVz2*K98a2
jasonraleigh,Abby,Langan,*cZg0lA_g@h$b5$
ellie45,Corinne,McCullagh,Q7#B&^di$0s1G2B
rlawlor,Tobias,MacGinnity,&L7HCoRpdM$cf68
xhopkins,Rhian,Corless,bwa5h&qRI&3kIIh
ashley11,Maureen,McAleavy,q5eio!k@_3KE8QU
gillisjody,Maeve,Hackett,romTsBMu(9v9S_#
nyhancodie,Alexandra,Geherty,$i!Jphprcb1KeB!
darcy01,Constance,Kiely,2%&NUR@dJwbe4ry
shelleymcalinney,Kaitlyn,Darmody,wVQD^Myr3ok!qvA
ukeeley,Haley,Taylor,06%3XBt1)@8X7Ux
dhourihane,Nikita,Haverty,#*Bk0@o56$caT5v
dairemacmahon,Fergus,Pinder,#TMeU0YCfW1zu1c
monkcliona,Kaitlin,Loughry,Rg9D19bcu#Z&OB@
geoffreymeenan,Georgia,Sheilds,8)SG9DXatns1euy
lorcanmccrossan,Chantel,Rudkins,5^xSfD#C^idDwIl
cherie62,Fiona,English,TUoSTtiln%@1VxN
vburton,Seana,Lundon,GdDXh)*i@+7gz$^
shaniastuart,Grace,McRory,q#G__VKa0LD6V0u
logueseamus,Alastair,McGirr,u_5entu^0m%xWdI
emiliecrowe,Conan,Diskin,)0FW^ZYbcm6Iegp
theresa74,Daire,Casserly,e@bv1_SGts8$NDO
iryan,Aine,Haran,_B4BRvqZ%)ih+Sd
lorcanbeirne,Seamus,Earl,6eU3W0$3**h5plE
mskivington,Caitlyn,Watters,#Q27h(yvTFJiIlb
nwarren,Dominic,Coffey,BTsW@a@*!0ow$mw
ldermody,Ellie,Tangney,+*szbCAXD43ekzo
malonenicholas,Alison,Barneville,D_L73VVewYhoK5(
nikitamcgovern,Bethan,Magan,^%#f19DAm_YI*6q
mcgirlaine,Dairine,Clohessy,d)_F2KtR&gRmIys
aideensears,Keely,Gillooly,d4k0V&MZN@(SM)x
alison21,Benn,Hanncard,f#%cCQib+09V0Ax
laoise47,Ella,McGoldrick,_1(7p$Yvp2uNIBr
katelynclery,Curtis,Kinlen,D@XyGut*0+90g2P
tfinneran,Amber,Day,48nSKouw_*tcT!F
dana35,Constance,Perkins,(FjQYIKl@O7ltaU
ilunney,Danny,Devaney,72TYMkYv!c+dN#N
rebekahmontague,Kimberly,Gibbons,vZ5XP@e^c(uLKxZ
maireaddeloughrey,Ian,Howard,Rxws2O8O((8k3Wn
cummiskeyjamie-lee,Janet,Perkins,TWijD#O$qG80)dU
dobbinsaskia,Reuben,Finn,!3LzUr8y0v@sIHZ
codie61,Georgia,Flannelly,&^cVlH6m#a5(aE9
ypinder,Nicola,Deegan,WKX4vz*f$C8Pe^@
kelliefarren,David,O'Higgins,O_0mUoBWLfBmHE9
darren58,Roberta,O'Sheehan,)DaqxWcln7KTm&P
molloykate,Morgan,Dyer,+sOR0ZdNE4B3F5a
lucy87,Aine,Ervine,fbMlKLmE#9^BrBi
lana09,Iona,Gunn,(yc)gct_**D71XZ
qmacgee,Saoirse,Mallon,al%gIRIh)H9_!Lp
judithcrimmins,Elaine,Hearne,H@7leULnl#l9&vu
saoirse92,Gavin,Crotty,^lgRgeC1Tb26sx!
umcalister,Seona,Timony,3#8rHnvmuw3f9i0
terrisexton,Conor,Christopher,U8PU9(w6!tQKvwi
seanna54,Tara,Freely,@nhFNl^z))6UbSV
sophie75,Lee,McNally,&GR5_+n$#@7%HTc
alastairconroy,Simon,O'Shannon,IBYVa$uk4oQ6DIo
culhanepearse,Katrina,McGinnitty,929XtWDc&D6(F)D
jmaclean,Frazer,Sullivan,F_ZWqKCS#&1jU4s
lindsaymcgee,Duncan,Leddin,5%O459amtp7JV@H
nualabeggs,Noel,Quirke,@WI1nDEZd4Dvgn1
stefan37,Macauley,Carton,H@ENqajk)O5MAU5
mcanallychelsey,Leanne,Lucid,V8qRVz&P!+ZufTq
kmcgettigan,Elise,Beattie,1&k$(7$jrL*fXH3
walshecodie,Brooke,Lynchechaun,*SCo#f*OT4X(qbX
courtenaychantel,Keeva,Glennon,(2cy1nmqH3PL4@n
prichey,Eden,Hawthorn,n0MJn0EuK_OvpK_
yasminwallace,Padraic,Miley,*XV#J9P1ZIup06d
bohara,Dervla,Conneeley,%b&e52c_)8nGbj&
jody40,Shelley,English,u5_OjgeeTjU6iKj
vmarley,Emma,Nalty,A$!(c^CFZy89Zkf
whitney28,Bernard,Haire,%gqv*vL!l9Cz0Z2
omearachelsey,Harriet,Mullarkey,JlQFAAct!7tlXXB
jamie-leegibbon,Tiernan,Deignan,xcUXuj4R%09CazN
nmccormick,Eilis,Crimmins,)anx!2Nfl4A7v9I
anea,India,Slowey,TKr4ZbwT$YYqdWh
rachaelgallagher,Aodhan,Beal,2MJM*dqi7U1_Ho5
fitzgeralddamien,Kane,Montgomery,A+n1*Ier^z*ziKG
bmaccarville,Niamh,Gilmartin,UwsN2Bt%+nyXXrw
gingroise,Susan,Magrath,U!W6yOWZhp+eUdr
sarah10,Daryl,Carmody,$(9TcMhtw6C4P8R
shannon95,Joseph,MacConachy,&xxUD8dbPME1d5G
jeffreycrinion,Olivia,Earle,_3l#DF!+wnDPS#Y
jaymoody,Naomi,Raight,CjagA@u)$*K6JER
naoise41,Kirstie,Lahy,iH@@lrDh_l27fjA
dawnskeffington,Conal,Mullan,S@65XTkLK*FX@LK
meemelissa,Fiona,McGrane,(hj+TE89##PP6yo
obryanbethany,Michael,Linskey,DLXNZ!&unO+6qxy
alexcogan,Darren,O'Kearney,9C!*TcFa&g43Rh9
dobrown,Simon,Gorham,Y9#YYmv(1cb4#5G
laurendiffin,Leonie,Fegan,)gHJ(PVt*if5vT6
julie99,Brett,Hanlon,2Uf%EvBwDzUqoZw
mcelwainealexandra,Scott,Storey,tPcDFk8fW!HAE9%
sfitzgibbon,Katy,Ingoldsby,+DM31aXZ*^3RX@B
mccreatiarna,Rory,Hefferon,S@^WXWS+IS0CDoO
samdease,Jenna,Ferris,MV@O*5Rk#KDQtvR
naoimh19,Justin,Fergus,K3E&faf&_J1YgsT
ikeane,Kara,Gubain,vo6PRp(2B$*F_nu
keeleydonna,Ciara,Meany,DH+o*Ovwh_lXL4Q
zcurrie,Jessica,Wade,(lKzrAZi8r8rWRk
macneelakenneth,Rachel,Durkan,E7x2(Qnw06+FtTv
saoirse46,Daire,Clavin,m*ew@P69up^Pd9R
jaydehernon,Demi-Leigh,O'Daly,F10nN(*g4(Lmia5
torimaclean,Connor,Mulloughney,^ABKfBrFt2yKZiI
ikilloran,Cortney,Tierney,TkH2OKLm!hL48ox
kinlennaoimh,Cory,McMaster,&b8fG9dO5@b32r#
tony54,Cahal,Short,@^20m*YmC+M2KDp
calumthompson,Domhnall,Begley,$34Se_SBqexT7wb
kfeehan,Lynsey,Moher,Pa2Rkit&y(Uxei5
gbryan,Kelly,Stack,s^$0BLfynjXo!^M
mcquaidabigail,Aine,McEvilly,n^08u5teY^Y%EKt
saorsamanda,Katie-Louise,Devenney,)Jw*@UwY_5I*J2m
sherryaedan,Kori,Melady,RvU(3QTryb$5W%E
nikita04,Euan,Droney,*k8iUlZkthoZmEf
jamie-leigh77,Dearbhaile,Cohalan,+p5K5MM1s#+AprG
antoinette99,Jacqueline,Teahan,Dw)aT3CFk+S^Hr_
finbarmcgettigan,Hugh,Cohen,r$5LVemu_O84*Fp
yminihan,Christina,Cowan,!aQBcn**(8+MhSj
ncurley,Zachary,Steward,c%*6xCTe@umpKed
alishasharpe,Ashling,Barrett,(X98Wkt7lq6#$4I
sgarde,Bryony,MacCarthy,9XR4sf+1!vmHqPh
garrihysusan,Kieran,McCoy,+46qifvdg*UTmnC
carthykirstie,Lauren,Finlay,JKJ007@f&_8USh)
travisdonegan,Aoibheann,McKeogh,#_H3fN&aS!iFELm
gary25,Maeve,Lynskey,x3Rd$yw!J(1@z#+
jaimedivine,Darrell,Cairns,D&9RKkgTaBgzEo0
evan75,Christina,Tooman,3Mx(*AZzt3)sv1M
tcallan,Odhran,Gallen,m%!2HrnvKhV^9zL
ugillespie,Chantel,Linnane,+0C7YerRbyUJtyn
fayeleddin,Charlie,Doody,c4wpAlb9**FvWFU
morrisadrian,Leo,Steward,s(u$08XHw1#@(Rk
sarahmacginnity,Tom,Field,zE_CdbUkggJ#1CV
cathy72,Nuala,Rose,bwCr3Ea+G+#c*@f
lguinness,Gerard,Mulrooney,l0d8EG0Oz&^$FRx
corleyclaudia,Tom,Kilroe,m&0u!Tsx$OQp8ux
troybarrett,Ursula,Smythe,A5xh+Pd#*6^gMG2
carolyn49,Lorna,McColl,J8BRj$Yt^Ok8S1r
regan86,Declan,Keenaghan,BZ4Mw1&C(3^OfjY
max33,Taylor,Kennedy,0fW^_2Hg9wSeAVL
mccloskeyconal,Cailin,Godfrey,#dNW_JNc((c95dR
jordon18,Kieran,Lally,ob4CD6to$X4Ag!c
ofoley,Christian,Gorey,Q(emI3T4IGF^Ucc
patrickcregan,Heidi,Lyne,I$**gf_54k1WdTk
ruth36,Saul,McFadden,D20TCwk(P@A1ftb
tessamacdermott,Chelsea,Largey,(PPG3WmsdqH2WN)
tfahy,Kaitlyn,Setrick,EUUQazcyJ_ReR8O
olooneykimberly,Nigel,Daniel,p4IL)K+y&^w%DOp
christycowan,Naomi,Morgan,*93qjR!eo(9DXoB
coonanjayde,Ross,Tubridy,o0#hE1!@*aZmEDK
zsharkey,Jessica,Whalen,t+*kXm5nXq3T0P7
brettrohan,Zak,Neligan,1M+b&zyw5@7mSI)
naoise69,Erin,McMenamin,9(l7T9CayC#^RVw
clark11,Charles,Rowe,B(9ySWfO5&5BcBT
briannelson,Giles,Ivers,v!9ZWPjj@_!1dK4
ulaffey,Frazer,Dirrane,W2cHzOGa@8T%n7D
naoise62,Ben,O'Murnaghan,*bqYY44#fKL7Hu7
rberry,Michaela,Dasey,&nHYVKW26L5Pekb
mcentaggarteamon,Caolan,Fearon,zd^ZdGUdbOXh9+h
lmckinnon,Orlaigh,Freil,!!Q4Os_FJ^aDhNA
connellsimone,Scott,MacHale,pl@qUNBhaII9fq_
spaingiles,Anna,Norry,&$^0PGeHrF6bAE7
murrihyrachelle,Jill,Finnucane,8r@3^58#p1*aXdg
dearbhailmckeever,Louis,Galligan,_+MbtpevG6X5zyh
kristopherdeignan,Eilis,Marrinan,Kwq8pqa#&l@3uiH
enda74,Killian,Connole,)K0DR*fGi4Uhsul
cassieorooney,Tristan,Hanlon,8fT(2op+R5OSCO7
dcrotty,Marco,Story,k%TO)MjE9&!7s1s
gmcnamara,Demi-Lee,Scully,(j6XryBrJk19CFU
imulloy,Caolan,Waldron,%C2hFahEVN07W3B
mitchel69,Sam,Dowling,LcE3O+%RT%0Db10
omcfadden,Jolene,McIntyre,ei$^@2tn5L6$NiJ
aideenbennet,Abby,Barneville,7pcxur#k^*6Usv^
carolineconvey,Amy-Leigh,McKenny,*maP@av$S1fh1zM
uboland,Carolyn,Kerville,*C8(Alhluk3Hw3W
marcuslucitt,Rhys,Ryan,v$U1QqRiP1xsA6*
trevorcourcey,Dayna,Dillon,E&4EOKtXh&zeV6%
shaygogan,Tyler,Reardon,2d#1N)qtOkxV^TC
iainmcfall,Olivia,McGrane,z874tYsg#hGFlhv
zmaccormack,Aedan,Lynchehaun,&Uob+fR!T2QhrK3
padraic06,Gabrielle,Bermingham,#$c710Iboh7wsDo
xdevereux,Brendan,Feehan,p71p2_)$p^4zE^h
dtreacy,Nicola,Hassett,zruze4OmT+9I8F!
laurengearty,Reece,McQuin,Bjy37tHJ$)V*Dfi
terenceflannelly,Casey,Davenport,*J!xN0HlG66)W+X
beattymolly,Ruth,Kinaghan,$Q@LhInO#!7k0hd
blenehan,Aine,McCrossan,_hUZchqga4V+8)D
jonathon07,Ella,Fergus,gCk4m_WaG*eSrK)
traversamie,Mitchel,Noone,_lnt9V@eV^@9d@g
mcbrideemily,Kirk,Frances,(9bDO&wz)dCK8@B
grace67,Cora,Joyce,U6%BGaqT*q6lD*9
ipower,Alexandra,Enright,!YD4qPskC4jnYJh
cbowler,Padraig,Piggott,X&hL!$5D^r4iylH
gavinmansfield,Codie,Reddin,t)$jmcyQSnWld8U
andrew47,Conor,Goulding,14@(k!nbT&Y38Pp
charles58,Rosie,Darcy,@H(2Dv&h@&c3L^Z
demi67,Kira,MacKevitt,RFGX!tySrVLy0T8
kinnondermot,Myles,Stewart,dALaXLbIQ5*AeqS
darrell98,Robbie,Murnane,X1CX%6@cYE0xL%A
pattersonfainche,Kayleigh,Heggarty,Sb7)2k@z@!h9MMb
xgollan,Paula,O'Kearney,v&1*#nMun^4Nw#H
mquinn,Chelsey,Nestor,2Xx&(H@cV#yj#9M
ymcfarland,Aideen,Duggan,10$w(AS1!M1$^Bp
rachellemckenna,Helena,Ferris,b&0F#4z#Q+0D@k8
rebekahshanley,Sacha,McGreal,)hlnbqJbo0tOGmP
hcattigan,Martina,Lahy,_MQH154x2+LqpX!
darrylmccarra,Benn,Bree,#s0!9lz@%#bSrKY
keeva69,Gavin,Farnan,j4*uaOH_*Kx7KMM
kieran71,Meaghan,Colgan,MH#lTpWb^^Z3bZa
stewartsabrina,Ashling,McKeon,Pz3HJR9gfv!!AWn
mariewade,Darryl,Cattigan,9!LmLz@z^047k7t
julie66,Sinead,Hopkins,3$XoSjk5YvM1z+x
stephen12,Rhys,O'Malley,Ta^@#KN+%Mj1Gcs
gillenjon,Glenn,Collen,^5FEppLjy9V6i5*
mulvennagavin,Faith,McGruddy,S+J+gZo#$aa6pQi
amandacunnane,Clare,McBreen,ld@UT7tn1&yr%Sw
fineganjohnny,Travis,Connors,sy7(0H@+%yMiZHw
zachary13,Blaine,Corish,q&c^gScxbd@y5_F
taylormcking,Elisha,Redmond,Ux7E5bQa!jR9rE+
lewishaugh,Orla,Gately,*S8WptoaC_@0tHP
frazerlydon,Kirstin,O'Farrelly,Z^8VFW_a7fCiPyM
harveyhelery,Victoria,Rigney,_%EEloxO600feL*
jessicamulgrew,Susannah,Hepenstall,m1iIylP0!1bA!uH
raymond04,Dara,Fennessey,@1%2iYqM7&n3on+
alexandria99,Conrad,Woulfe,314xkD1y&R5*FhH
johnsoneden,Judith,MacEvoy,N3Hx0%rF$tYaF^W
hcowan,Caomhan,McGuirk,rzaS^Aatd*u4l5^
dkeeney,Naoise,Kirwan,d5*IZkWbmJO1a)K
maloneursula,Patrice,Driscoll,D*jiSqUo6R%x35m
cory92,Dairine,Gunn,+r4e_1H761FyLy2
aherbert,Roseanna,McCarron,0JoKrDDA*+d5FY3
dooganalana,Cillian,Lenihan,(3nXB5%LUwCDRwT
xjohnston,Seamus,Borland,Q$FFhia82gWo7FH
tiffanyohora,Nathan,Lang,l9iCnpfv@ysTp29
mccruddencliona,Amelia,Mulqueeny,zw8@9m)k2(A0sPn
mitchell20,Kaitlyn,Forde,U3QOw9(H+cQeqzF
codie22,Dana,Craig,&11)dqRvoxyYDLw
corcorangary,Roberta,Byrne,^)7v7E^nMmO@eTa
lreynell,Daire,McCahill,*4c2R%$TbMC$4)v
shelleymornane,Graham,Conway,$T7FMXQe&qyS314
rebecca50,Claire,Clafferty,WQEkk_0z@n9+6Iv
bernieellen,John,Growney,0%LR#$oa9YpGi4z
enrightpearce,Calum,O'Driscoll,VYTgCSii@N8Gbtm
niall48,Colin,O'Houlihan,zOqXWoFs!p0VgAo
hargadonshannon,Emma,Feeney,oyZ&6*h9fUA+^aW
thompsonrachelle,Caolain,Hutchison,Z6kRy*V!)omLgcv
shay00,Jody,McKiernan,q)6)yv#hP&Ap8Tm
laingabigail,Zac,Weldon,LP_isdSv#N2aZOw
dearbhailehelen,Cherie,O'Brennan,i8PGWkOV*llHdI*
sabrina73,Alexandria,Sharkey,#y@uY^XtS)3CQ+z
bmccollam,Sharon,Raftery,(0K*aTefbE2XWaf
jana00,Amy,Matthews,m^dEVeEyJ7r!JFY
kmcrory,Aimee,Berney,)ZluZojB3XaOVet
alawless,Charlotte,Little,s@%1kctiK4ko^KH
leonaohanrahan,Kirsten,Segersun,1TG4)5Fdy+ko*F$
groganodhran,Max,McKaigue,!j1w_3pxbObLO)s
marcomaccomisky,Graham,Rogers,479DlIBquG@6kQy
max72,Alanis,Munroe,@5_wVQpo(bdg58b
judith09,Emily,Quinn,Aaxpvg@pf)S3UnX
mwrynn,Andrea,Devoy,#2v5^WoU0j39NFK
wgoff,Claudia,Garavan,$(Nf9On&duK4&N%
reynoldsoncasey,Don,McReady,CU*od8@ca76jmZY
rfair,Laoise,Gilliland,3@5mCtNtZ)K1@IA
qclifford,Domhnall,McNaboe,&3p%$BDNr1H9FTs
lauriemcpolin,Stefan,Howe,(&pOZJaxd10yMIY
caitlindevery,Jana,Eivers,jE+&KenR)J00#dG
vmullin,Christine,Cormican,6+R2BDVsQETQ7Nf
james32,Lois,Fergus,g(hltKs$ppwm2Fe
jdrennan,Corrie,Geany,S@wlCfv+4A%6b&#
qkilmore,Emilie,Bradden,or%Q9aUOmW7mbOr
utaggart,Demi-Lee,Robinson,X$4O%VBTlJp9(@h
korimccrea,Killian,Moran,+ij9B1)itH++^ta
walshearran,Judith,Toomey,t++9J*gek(9!Szb
dearbhailekeaney,Demi,Leacy,f1^(zr%O^7u&E&d
darcykirwan,Noel,Loghan,_re2tfDOEg6GKw3
whutton,Kori,Hely,&Mk0SGQlhQ5+L9a
kristina27,Gina,Fannon,$6H4qhHC+5ZX9Xo
ymcgilroy,Demi-Lee,Moone,!70H%B$I)xj)qaq
slonergan,Margaret,Gibney,aoI&r9Xuu@f++PF
carlyomoore,Maria,Downes,lC21WAJ$%6jXc2f
robert31,Hayden,Tormay,wk^Y50TyI+SM8rb
heritydamien,Fergal,Mackle,Fo2qD3jrV%nKPP1
jnevin,Euan,Neilan,(M)#0hmW@4@4YOE
brennandawn,Hayleigh,McAuliffe,&EU2Jk)cb9J03K@
theresecormick,Alexander,Gilhooly,$eEwX68Q2*HoJwF
mcrannsabrina,Judith,Cranly,$zy120mL*O_1VJ4
courceypatricia,Ellen,MacFadden,*8eIIRMmP4KWoOM
reavyandrew,Adrian,Fehilly,Wg+97ExXHO^SHo!
karlmacelgunn,Annie,Curtin,Gw8&5LqIO*y&7CK
bandevilleraymond,Hannah,Fair,c$RbdB!QGf1QNZe
omcgivern,Zachary,Considine,26bu6KDfef_0lou
nicholasearl,Sacha,Lavell,O%_9ZB%0(%QKsDu
darcyyasmin,Jayde,Bree,*hrpyXsJ!9mLMO9
mcfaulleimhear,Chelsea,Breheny,_Ft(L4xcA8Uk9VY
kermodysam,Holly,Rogers,vtP9lLcr&sc&#3N
connorfreaney,Kerry,Dobbins,9s@Iktgy5Wy5@OJ
ctiernan,Edward,Lavin,#)TF^8Wh8z4DB6g
dobbinslucinda,Aedan,Cronly,Mu*9RCXiiua(6uE
mcildowniegerald,Joanne,Riney,$49eO@hs3^gaH!g
jon59,Jayne,Kealty,&BzRIwT5@Gt2tX+
harry61,Alex,Keown,TZN!sEe(J+6W*Dw
robynhaggerty,Kurtis,Spenser,Bkgo1Cg&B!m15i7
ella19,Luke,Hunter,)via(BctN&U4vMQ
gareth65,Ross,Coogan,F8eW)PSz^qYQf+0
evelyn40,Bryan,McQuin,#mmjB)vq2xUlJnb
codykeaveny,Eve,O'Donovan,^ldh&0pv)X$!+V0
siancassen,Anton,McMahon,^JY0LJqDy99GnWp
catrionacullinane,Eleanor,Bones,$b54BT^j&6Fipnn
nichola83,Sam,Vaughan,#Lu3wAQ7Wxa68Xz
farnanfainche,Eugene,Lovett,wZttBYtT@9e+jNg
finn35,Caitriona,Mulhern,*(cD$ReTB5PKfMU
dmacdougall,Bethany,Lynskey,)udj1RyPUpG11bu
rory55,Whitney,Fitzgibbon,I*4v!VQPB+!2Rvc
jacksonganly,Deaglan,Grogan,yAS@0s0iXQy(Xop
caoimhe93,Rebecca,Blake,v&#W3WBX4+M9GDx
stefanmcareavey,Caitlin,Gogan,^_1LrtyP#(RjkR%
susannah85,Eimhear,Lenaghan,s3vgR)UVeA)5He7
rharkins,Myles,Brophy,+9%#dFnfF1rVEeo
sgiles,Charlene,Skeahan,*n5OAqrC$BuTUk4
mcgoffmegan,Lorcan,Dillane,^e0_0Otpl$)_g4M
tiernankilmore,Seona,Cullinane,@WKHi64OCx3EPbd
lorcankilhooly,Lisa-Marie,Slamon,$$THBAZ)c%3#b5g
mmara,Glenn,Sheehy,ab)I(Ceh!T!6Orh
driancatriona,Katherine,Nyhan,!)40M*(l%EtqOE4
omcgrath,Kristina,Doorty,$Ka1dPjk!iKYXsK
lowryconn,Paula,Winters,@730MQMW9WPhtkK
evie81,Michelle,Classon,uQ(dSSntAr6U4^w
shoey,Karl,Reardon,#32Z3IPworK+%7e
tmaloney,Courtney,McElwee,3N^N3Far)FjZ_5G
mccluskeyoliver,Seanna,Fealy,hl5Hrakij&K2qQ(
fmcguirk,Savannah,Faulkner,$a^LBPZb#w0OvKy
lbrislane,Eamon,Sugrue,vg2ZFGY8(6KEoyl
neilconneeley,Carter,Lanigan,&X&@aV#WRrGS6&p
clifford81,Aideen,Browne,_0b$NrP%9u9x2CR
hempenstallrowan,Sian,O'Growney,W%jOH8ij_33lUnt
ellistimothy,Patrick,Muldowney,*AGE_k7Hm)6(s$7
wtwohey,Jennifer,Folan,J!3$8mlVsDA2fhK
finbar94,Denise,Day,zLjtsQWhI^LF9uf
giles67,Annalise,Gillespie,qC1V$zwLWM@D$zI
mtansey,Emmet,Griffiths,Ykc0yHeb^6Js3$O
bailey18,Macauley,Girvan,^4Tj#^p+l+TV^*q
orlaith07,Dean,Baldwin,EXOkPuMaoT_6g4w
liam80,Johnathan,Hayden,P2YpQqL)a^k!3Lk
alexandra71,Tara,Murray,E6^ecLrT#qB2Vv1
gabriel43,Sheree,Donoghue,zE^7sUcmG1!5pRh
ohusseyjamie,Jordan,Sears,1Plj!twcqc62Bt%
caomhan02,Seona,Whelan,$@t4U_s&+hRWu#e
macbreenalister,Tyler,Corr,ujLJCh4nYj5qR@O
mulvanyalanna,Charlie,Patterson,a3%j5w#w63A3k9V
gmcquin,Seona,Goulden,8lf)c1QJ($QwiQl
macginnittycarter,Calvin,McLoughlin,1M(YFUWe4l$0I1W
oisin51,Martin,Sharry,K#!a&^yf&Ri%C7G
oherlihydeclan,Codie,Nallon,7v1^c50RslWPqn3
caoimheosullivan,Pierce,O'Hora,Zd3+YOJKk+2WjpY
michael33,Pierce,Devane,YOM9cYfc#0K5^Oy
gmccausland,Laura,Rea,!LX@Ir46@7h8yqm
emma-louisekeogan,Alexandria,Fenelon,1hCa0(um!NF*WR$
harryfeeley,Tess,McCumiskey,28U)&1elsC&GS#z
clara85,Blaine,MacElgunn,m)aH5APx6v!uz+8
mcgoughblanaid,Bryan,Ervin,H)Ws9RgHd(HvZ_$
grant53,Rhian,Meaney,fAP9moY)L6i!lly
sammcgloin,Aaron,Lacy,#T6HgCdi@@7C&se
hannadarrell,Rowan,Drum,@_Pg5TrH1s_Gkl0
fmcbride,Lucia,McGinley,U#5UBAVt$73kzvx
eivershenry,Clarissa,Heraty,)6S6R%bM^5NQ2yE
tiarnahunter,Shanna,Miscell,P00ayzWWt@QSre1
jena62,Bradley,McEntee,r@)V06arOG+_5E2
sdevlin,Edward,Lahiffe,+qX@!*Ei&U3ALkt
morrowleah,Joy,Greely,TzQjtm7qX6R)2A6
duncan37,Rachael,Molyneux,hr!gP3TE2rV5MYh
sinantiernan,Kelsey,McNea,Aml$VBg9%5cYY#o
paulblaine,Ben,O'Dwyer,!I%1#Rmucx7SeQv
leonahourican,Michelle,O'Neill,C+3qe0wp@mX@k0P
deigankirstie,Edward,Colligan,TV8No0ZHGV(XN5*
leoncurry,Johnny,Carton,Hxz)k57KT6&29Be
keith15,Roy,Lynn,&N^(T1dRI)PGra8
caraghraney,Dawn,McCorkill,S_5GaicN#aSkm23
gdixon,Mary,Gray,(uttuv@cY8VGgO7
desmondkirby,Gary,Beatty,NwCR9X9v2$5mAkK
tgarvin,Eilis,Cavanagh,xX4jbELL4@lG9Bw
nigel50,Una,McMurrough,g!3DAPsY3IBQf+e
korideely,Isaac,Fielding,n9pW&$gV^dNpWfL
gmullery,Jacob,Lanigan,AZ7NIm)dT((eiKh
mcleesecaomhan,Jesse,Drumm,dQ_SA3gM*5_XrW%
gkilawee,Steven,Fannin,UbQn5edpa$VAF)Q
logan48,Elizabeth,Wilkinson,w1C89oPt5m!L7YO
aleacy,Lesley,Mulgrave,22(dp(St4Q@0Jxs
zachmacgovern,Chloe,Leydon,#*33Acyi$wEqZXf
marcus25,Brian,Quinn,g@6bEjG84%6bu)l
edward42,Myles,McCready,32oejNgl+sJ&N1y
iokeefe,Clarissa,Scriven,F!2Htptr+o_dTXE
ucourtenay,Robbie,Griffin,x&9Kpugix&g1YVM
cranleydearbhail,Barry,Reynoldson,1ntS5z(bO^E8%nY
don62,Meabh,Beresford,h(5Yzt3Qt7pLG_d
alexandranixon,Eamon,Cagney,pjy%2)OwuRWjkny
toaltammy,Jessica,Mansfield,#IQJVUdJ@CA5HJU
maddycaitlyn,Ruairi,Duggan,Nwz!YTkA#9L+QL3
clenaghandamian,Dearbhla,Mansfield,dMKvG^m7$g&88yz
alice34,Giles,Duane,5X4P8EjP)%6@)k)
hdever,Seamus,Wolfe,4jG3$kok_WIH%hP
padraigin39,Shanice,Roche,C+52r*aVl7fltZs
kristianforkin,Erika,Craven,%SBbU(^1k8xgHGZ
rmagee,Ashley,Kinlen,SXVT99Mo6D)DEHw
pnunne,Yasmine,Keyes,SkEJY5f9O%0LFtL
robertsoncassie,Edward,Connaughton,Cgh!jY@N46bb2Do
olivermoone,Catherine,Bannon,)c5XzIhi6K@BdzU
duncanmaccormack,Conall,Storey,8lPTU8yw0Xv_L^C
benjamin01,Lee,Macmillan,NOta5)cuT2IXUWj
lindsay21,Corinne,Ellis,35XiAj$h#NQDc&$
gcawley,Ciara,McGurk,C%0nEhLfIJM6u2T
margaret29,Roy,Cally,sgRUDJbR(7y5_jS
rachel85,Ewan,Keapock,t&3Q&x)hC@+&nQI
learybillie-jo,Haley,Byrne,%!%rN&4NPu2XhWw
naltyjesse,Kane,Dermody,oJVc+Zke^3jpwfq
jolenelardner,Stuart,Reilly,di&eKp3O^0r1xdj
sugruegabrielle,Cliodhna,Briody,Oj9H8S2u$7D1c9x
swinters,India,Doran,^yF(jXS5V5OgFP_
zswift,Clare,McCurtin,RV)XlcL(^W5yuB)
mansfieldcolleen,Robin,Stack,Y@(o53Dy@_8Y$fA
gerard10,Chris,Sharry,)088FI@J^eS6&nr
owen95,Antoin,Heffron,@7P9kM@4J8P$w$Z
maxpringle,Christy,Gartlan,%N$!4V_xX_@6+5A
moriartyjade,Saul,Grahams,5%1m8ZTO!EfZyL6
shelbykeane,Tobias,Croal,l^9#Y+Jfagaljl0
saravictory,Declan,Nee,7#XZ2mSmDE0HAuV
macwilliamsedward,Tiarna,MacDevitt,IJX!S@uO!up1hYu
piercehearn,Christina,McDougald,NW1NdnMmz+5+Iob
fborland,Kayleigh,McPolin,*j4U&q3&yieyyTF
curnynnikki,Abby,Lane,+3$_ScAavRo0m*n
kelsey90,Charlie,Conaty,uA+2C_+6@eQZXkO
vcurnane,Tyrone,Simmons,@PGRiD6(SmL8Blp
cgarety,Piaras,Dooey,5E5+*g4pliIOyRK
mulrooneyzac,Kirstie,Branaola,YXs^epg%%8BcK1c
marthaclavin,Ruari,Slevin,+A*315gWWhNib2C
hollandpadraig,Frazer,Aylward,G&_$759$MA_dcZw
randlessusannah,Margaret,Farry,E1uRAtH7xHF_osZ
iaincattigan,Hollie,Regan,c+NlOZ!dgh0BQad
thomashurley,Colum,Helen,8N+@N#3HLlk17eC
perkinsserena,Maura,McAnulty,+6$wvQxu$@X26!Y
tlevan,Dean,MacKenna,bjL5M0KTM*apv@z
rcaldwell,Kirby,Gollan,I#FBmebq)_S7nCa
eilisberry,Oisin,Russell,filA9(C!pbPnHAe
johegarty,Molly,Qualter,+8du+twm^JOc)nd
nathancox,Callum,Cowan,v%B3HX)efCUTbvC
ayesha01,Seamus,Atchison,WNo%FnBc#u!Kf8o
chloe98,Yasmin,Laing,6p#KaiGsJH9^2vC
jaredhodnett,Kealan,O'Driscoll,rBB&mTWnJ*z1&1Y
fintancapua,Clifford,Connellan,Zy!*V0QnR*qSS6p
quinlanlucinda,Celine,Garety,@QXx!bdtf5#X%HX
tessa20,Kelvin,O'Hagan,@20D$EItoLP65so
justinedrummond,Diarmuid,Richardson,(M8IKRyO%3s57KI
francesca79,Jamie,Mageean,&7N9yV!X67khcBa
angelachristopher,Ashling,Cosgrove,^HA@4fgd(K5wI^C
dkieran,Deaglan,Comyn,*tNeyNt_m9)4AQf
madisonmcphilbin,Lewis,Courcey,G7@zcGDzb(k4Wn0
leighconneely,Emer,Gloster,sw2beLZFc&CL9)*
sgilmore,Shane,Dunleavey,7h%(gL)s$j3GFM@
mgay,Andrea,Kennedy,!ZLMniQbF23JVo8
alex48,Evan,MacEgan,$5De7@VWBKRLd9B
zachellis,Raymond,Hanrahan,7Vf_Aa_vhGps$3G
janice07,Aileen,Brislane,#mE(MJmkk5@eMf!
pdevally,Cora,Dineen,#lM3PGn^8^xJkM8
pmcinerney,Arianne,Crolly,C)qR+tgKCQ7G(SX
jamiedowney,Graham,Spenser,vRhh4Nu&j_75h(w
omahony,Judith,Duffin,aT_+O6az_HzZ5NS
deaconkirk,Lana,Leydon,Dl%3^BTkEy(n3D2
pcosgrove,Natasha,McNaughton,^3ggatXItjeWCov
theresamcneely,Ceara,Tierney,7%*&Q9cURHK2PIl
carolyn24,Nina,Clohessey,dN&G^PfQbZR6U9E
shanicemccafferky,Maria,Price,DZnLs$Re#1xM&b7
anna12,Darragh,Corrigan,vzNz4VMe$E6OaEp
zrodden,Robert,McWalter,k45)m+NjJyQ*1Ar
tiegan51,Naoise,Flatley,DT+C*SCsY$eF9UZ
niamhmacging,Elaine,Colly,U(5Q)l^vwVn_as^
ishanny,Ryan,O'Beirn,$ZNfnuo57s*GoQJ
pcarthy,Mollie,Dickson,$xXBhPut_^tt91S
fcaplis,Charlotte,Harley,$7yUny_11M7H)k6
mcquillenemma,Jasmine,Tubridy,fob8SaFo$K8S%Vo
smallpatrice,Shannon,Corbett,TAD%x47dnr8_*mH
macnamarakarla,Lloyd,Rawley,UXrIGNGmmw(t$1j
anton58,Eimear,Mooney,9_5Ei9Hv5hNTBre
sineadcolgan,Conan,Dowling,s(F!X1EcG!IBHmY
ihalpen,Anna,Lucitt,6%6gcic1@B70XEy
evemacrea,Cherith,Keightley,x99o&Kdaf%kMvjj
cowaneden,Ella,Gilmore,Oy)01jUbZpH5E$k
bdrummy,Bronach,Pender,Ox2qH6bI)rl06dV
cmatthews,Carter,Conlan,pccECnVC#+4@2h1
ymacgroarty,Lindsay,McGuirl,(G6*(1EfwPNxtJI
lucas52,Alex,Jennings,I8mXGW34^C@PtRm
mcgilliganrosemary,Jolene,Hanrahan,hUGF)O7&TJQ!9Bi
jmclaverty,Diane,Leeney,e%Q*QF^xx(S0Ua8
emer76,Logan,Deery,+s4147Ot^#PPq4R
uconcannon,Savannah,Farrissy,tg!94iFpx_LYKsZ
neilanmartha,Cameron,Goggin,f&99FeupI&FSOG0
dornanzak,Eunan,Hennebry,mFq3UCrt^dFb6!w
ehereward,Suzanne,Linehan,!64dJlPlFQbSc07
nbrannelly,Cliona,McGann,*DN8YrRosXOF05J
terryseanan,Cliona,O'Crohan,@*kqVsjdwDO97xF
rhian69,Harriet,Clavin,u(r3Z4ibyY*KRNm
dairine52,Robbie,Liston,2&lZs9cvaeDkILE
reubencourtenay,Chantelle,Marrinan,4Wmoe!at#ZHBQDW
desmond06,Enya,McEvaddy,awv!3Up8%o!wsD(
oaherne,Reuben,Feeny,so9tjgC+^CVWQss
nicholekelly,Aileen,Deady,X$+0g3(0MhI_E*a
mcmonagleeadaoin,Caroline,Harry,PBd3ASSvJ4$b&TI
dfair,Colleen,O'Houlihan,xuN&B1xB^@Jq0uA
joanna79,Phoebe,Slyne,i!c)OQSfoC%HU62
tanya06,Jordan,McPhilbin,L3Pr4hC&)eAU*8Q
gmannix,Peter,Tooman,_d6NjU$6MObWptD
qdurnan,Tessa,Cairn,u_sWm*$g93J$o*y
mcilweepearce,Travis,Mulvany,Jn5ckOg$&iR1IO^
dominic15,Freya,Keating,$(EldH6piAF0dKe
heaveykatie,Georgina,Brady,+q51NYuiVYQK(ht
cronellypadraic,Cathy,Dempsey,ujJ(i$XhH&08PwQ
michaeldurnin,Carl,Berminghim,%d!eXP*qIL7DZzG
scottdonohoe,Gemma,Colum,N+hcuXS6!3FWFEu
vgillespie,Grace,McCrea,#%7UTP%pGT4LUHn
clare72,Christie,Gartland,$bGG)EG(XY$%2td
teahancliodhna,Kirsten,O'Rahilly,Z!oV_yZhWh+0IZJ
blinny,Grace,O'Driscoll,pNo3unkT$#ld*1S
cassinkyle,Toby,Steward,N&!*1VlKj$6I2JO
vmackey,Aisling,Nugent,1f6hg%2_+X5BYMo
leon55,Amie,Rodden,#2TIK8ax$40Jppb
tiamaddock,Selina,Stephenson,*tDQE9bQjA0%FxX
kaitlin27,India,Malley,CA8XDsN+^6LywX2
nina30,Jarlath,McKeegan,Og*wHz8x_1Kz1GD
erikalucid,Oliver,Dillane,W5ZAjzJy#3tLeud
keavenytiarna,Geoffrey,O'Mahony,sPaTkcprI#9sr@H
haleyobrennan,Cathal,Linskey,d06%ksk)1UfWk!3
cwaters,Keri,McMahon,9q$)UtCY28ROSme
simongildea,Niamh,Keenahan,&%#KVj2k6OExoEO
nobrien,Stewart,Frances,3T!&ckcf&MB@7FI
irigney,Desmond,O'Hehir,+9XUBfGlSO&fiot
ashley41,Aoibhin,Conefrey,IrB(1ApxgR$30nL
cearaforde,Alex,Crimmins,+1Z3BvokuoW#Sv@
donnamerrigan,Heather,Bernard,e*0wbXcBzVGuR#Q
patricemacnally,Cliona,Banville,@#pjeMBfTd8NLxh
kevin35,Jake,Lande,G*9I@YgR4_UVuXw
imacwilliams,Bronagh,Deloughry,o6c2c)PL(cahBXL
marie-claire55,Orlaigh,Fadian,*Rf7G8Crt9xaHxe
ceivers,Keely,Kelleher,#@8YB1uCv3+N4Yk
wattskurt,Gerard,Mulhern,t4mOu6oC#dwc7Rx
mulvanyseona,Janet,MacAloon,hg86VQvFF*bSRJ)
katherine25,Charlene,Ruane,LPf3uIW5%DQ(ELt
macdowellbrett,Caroline,Tormey,7or9rDgd*%DdVqo
hayleynallon,Dairine,O'Carolan,*%u)3Xjb@lcQTt!
sam77,Johanna,Berminghim,yr1ttKhc*_Xt%GX
waynemcglynn,Catherine,Carrigy,zQtMz7#Bw_YOZdT
claire09,Brad,Hyman,MkTzMQ6A4@5XGp&
qmoran,Seamus,Scallon,XHAwC0tx#8_fs$E
sokearney,Kenneth,Conneely,(4KzSfSxVOa)&*o
fainchefitzsimmons,Keith,MacDyer,+m9_ToQi2B_!o^u
ashley51,Tyler,Clarke,$fG1rm@3!n+BO&r
thenery,Gerald,Conboy,v5T9Gt_TO%$r3Bo
feemadison,Lee,Silk,DFTfWtqiTO_6SmN
feargal83,Sinead,Cooke,#nLA)K&^U3tc9*y
aoibhinscallon,Karla,Cook,^j&E%y66WoSy+6b
mary94,Leon,Lafferty,WBW6^!Js*OTfMJD
cregansiobhan,Killian,McArdle,#4*uxG54s26Pk1D
phollins,Karl,Charles,5&9JPU*c&31yzSi
mary65,Cahir,Hutton,ViH$(6yrd_1UeGx
jackhollywood,Katrina,McQuin,*k7ugMF51vX+nlB
darmodyhannah,Alistair,McGuigan,QKDeC1MD#8M5M8$
xcloney,Kristopher,McMullen,$3HYrc*0I3gem@$
dcrilly,Shaun,O'Driscoll,_8v*lO(7fwuL+4d
owen18,Grainne,Geany,5tS10u&_!pcNXBc
leon16,Arianne,Lovett,$b&04log9c%S3Bs
machughclaudia,Jared,Kerney,(x+0YVkFd^02Don
bronachsegersun,Anthony,Deacon,5_Rh0cEK^k^zFGh
coreymaccartan,Conchur,Greehy,Cu^JQ_YxFCp+5!7
mcgintyseaneen,Gavin,Garrahy,7$3nKaHA_LmfejO
theresekinsella,Roseanna,Landy,@0EP+IwFbauv^f#
gmacging,Bryan,Bodkin,^x2SXurph21il^U
vincentgilroy,Cormac,Davy,+6KfaN#D(M(l6%P
carberylee,Melanie,Weever,(3@^+xIDONRsF2@
clarkmccurley,Fionntan,Muldowney,Re@11lsWs_Uv^Is
cassiemacfadden,Dawn,McHarry,Na%cb7ecP+8ZM&A
baileymacrea,Zachary,Wrenn,b!61LZPc5Er7Hc9
smccool,Feargal,Tubridy,2yAkF5R6nl%F32c
mcvittyashling,Craig,Freely,*fCS9rfPja9*hxa
lincolnhayley,Kori,Flannagan,e3o0Iy_y!jC3zKo
mcgurkbronach,Kristin,Poland,K+0nIlD1KtWOCON
manusdoody,Adele,Bann,pD1yCL0h$$A3VtT
mcgruddychristine,Tiffany,Nealon,Q!%6P+)br&QsURe
michaelagallivan,Julia,Craven,5u*7VN1h6w&Q4+p
rraol,Chelsea,Earle,0)SF*JH_CE6(hci
saulbernie,Meghan,Queally,^#^88$dZpRY9EXB
darareidy,Katie-Louise,Feely,JmU+!F^gn3y0Q@k
aisling01,Christian,Byrne,G@3+2Q7ck0^UBLk
nathanrenehan,Angela,McGettrick,cChEtQ^a_0i^BWg
esthermulligan,David,McGroarty,i)7L*HTgAOX+eUW
mcginleytoby,Kathy,Lee,W%3YhCFty!cSU+w
andrew04,Gemma,Shea,OGA9g68u++l2pTm
georgiadolan,Shaun,Lowe,^mA!dgvwv3J#4MJ
ibrady,Robbie,Slowey,)0%ZCUPjez8f^Jh
rowan99,Niamh,Loftus,Nn0HB*h&h*bTo(z
seannahanncard,Gareth,Quinney,)Zz8mYIId98^8^w
nualawright,Mia,Hallissey,e2fMi5Qr+ztr(CT
antoinette50,Annalise,Mulkerrin,5*rz3RjQePiP4xS
rachaelmcgahey,Sophie-Louise,Ó Corra,t)YnDQ6aCZpL8gj
padraigmaddy,Aaron,Bruton,7#@SzEMU+n2FzBr
mhenery,Jamie,Cowen,^2iOTvcSV2N7JWn
qbryson,Fergus,Sweeney,(p3dpH9)x_%BqUD
jhanncard,Naomi,Moher,59u3CAkw$T*h1F4
mohegarty,Christie,Ledwich,+*hWiRpkqt5bl2Y
stephen17,Robert,Field,#6Ff6nbTIeB7ESb
lavertyhollie,Jaime,Kennelly,L#lMKazV7GB4F)5
